repeat_id,index_type,N,d,metric,topk,nq,threads,hnsw_M,hnsw_efC,hnsw_efS,build_s,search_s,qps,avg_ms_per_q,p50_ms,p95_ms,p99_ms,recall_at_k,index_bytes
0,flat,10000,64,l2,10,1000,16,,,,0.001712,0.094149,10621.417,0.094,0.302,0.317,9.212,1.000000,2560045
0,hnsw,10000,64,l2,10,1000,16,16,100,64,1.059199,0.025106,39830.871,0.025,0.134,0.142,0.145,0.898300,4000442
0,hnsw,10000,64,l2,10,1000,16,16,100,128,0.759772,0.044202,22623.380,0.044,0.265,0.277,0.293,0.969700,4000442
0,hnsw,10000,64,l2,10,1000,16,16,100,256,0.733448,0.082991,12049.484,0.083,0.558,4.488,9.294,0.992500,4000442
0,hnsw,10000,64,l2,10,1000,16,16,200,64,1.131411,0.021677,46131.903,0.022,0.140,0.151,8.472,0.907000,4000442
0,hnsw,10000,64,l2,10,1000,16,16,200,128,1.138723,0.047939,20859.728,0.048,0.278,0.319,11.114,0.975600,4000442
0,hnsw,10000,64,l2,10,1000,16,16,200,256,0.977315,0.077179,12956.965,0.077,0.575,8.373,9.253,0.996000,4000442
0,hnsw,10000,64,l2,10,1000,16,32,100,64,0.780421,0.029195,34253.022,0.029,0.180,0.192,0.196,0.957200,5277858
0,hnsw,10000,64,l2,10,1000,16,32,100,128,0.745393,0.049174,20335.955,0.049,0.342,0.396,0.595,0.992700,5277858
0,hnsw,10000,64,l2,10,1000,16,32,100,256,1.028403,0.097195,10288.631,0.097,0.668,0.688,0.754,0.998400,5277858
0,hnsw,10000,64,l2,10,1000,16,32,200,64,1.357336,0.025497,39219.744,0.025,0.196,0.215,0.355,0.967700,5277858
0,hnsw,10000,64,l2,10,1000,16,32,200,128,1.162833,0.052833,18927.498,0.053,0.380,0.625,16.749,0.994500,5277858
0,hnsw,10000,64,l2,10,1000,16,32,200,256,1.180442,0.095196,10504.628,0.095,0.712,4.660,9.838,0.999600,5277858
1,flat,10000,64,l2,10,1000,16,,,,0.000810,0.056775,17613.434,0.057,0.301,0.309,0.488,1.000000,2560045
1,hnsw,10000,64,l2,10,1000,16,16,100,64,0.882351,0.021083,47430.631,0.021,0.141,0.165,12.141,0.894800,4000442
1,hnsw,10000,64,l2,10,1000,16,16,100,128,0.831993,0.046849,21345.204,0.047,0.273,0.293,9.111,0.967900,4000442
1,hnsw,10000,64,l2,10,1000,16,16,100,256,0.685276,0.081725,12236.230,0.082,0.570,0.722,15.919,0.992800,4000442
1,hnsw,10000,64,l2,10,1000,16,16,200,64,1.286299,0.027211,36749.206,0.027,0.146,0.193,9.131,0.905600,4000442
1,hnsw,10000,64,l2,10,1000,16,16,200,128,1.537893,0.052904,18902.215,0.053,0.281,0.330,8.777,0.976700,4000442
1,hnsw,10000,64,l2,10,1000,16,16,200,256,1.369930,0.085682,11671.093,0.086,0.574,0.682,9.635,0.996100,4000442
1,hnsw,10000,64,l2,10,1000,16,32,100,64,0.729299,0.024871,40207.532,0.025,0.187,1.003,6.176,0.956200,5277858
1,hnsw,10000,64,l2,10,1000,16,32,100,128,0.784846,0.055959,17870.288,0.056,0.345,0.358,0.372,0.992000,5277858
1,hnsw,10000,64,l2,10,1000,16,32,100,256,0.871160,0.100112,9988.858,0.100,0.670,4.522,9.572,0.998700,5277858
1,hnsw,10000,64,l2,10,1000,16,32,200,64,1.200076,0.030412,32882.084,0.030,0.203,0.245,8.297,0.967700,5277858
1,hnsw,10000,64,l2,10,1000,16,32,200,128,1.299220,0.051824,19296.136,0.052,0.358,0.375,0.524,0.994800,5277858
1,hnsw,10000,64,l2,10,1000,16,32,200,256,1.172384,0.106985,9347.114,0.107,0.705,0.872,5.801,0.999000,5277858
0,flat,50000,64,l2,10,1000,16,,,,0.009513,0.311635,3208.886,0.312,1.426,1.524,2.758,1.000000,12800045
0,hnsw,50000,64,l2,10,1000,16,16,100,64,6.241391,0.035008,28565.065,0.035,0.232,0.554,8.323,0.716100,20015290
0,hnsw,50000,64,l2,10,1000,16,16,100,128,6.152741,0.061254,16325.341,0.061,0.382,0.494,15.476,0.851200,20015290
0,hnsw,50000,64,l2,10,1000,16,16,100,256,6.221829,0.102294,9775.762,0.102,0.865,5.029,8.502,0.933700,20015290
0,hnsw,50000,64,l2,10,1000,16,16,200,64,8.976420,0.036259,27579.675,0.036,0.220,0.258,0.555,0.739600,20015290
0,hnsw,50000,64,l2,10,1000,16,16,200,128,9.326346,0.054818,18242.274,0.055,0.411,0.940,11.670,0.873800,20015290
0,hnsw,50000,64,l2,10,1000,16,16,200,256,8.340217,0.105653,9464.915,0.106,0.819,1.171,17.103,0.952500,20015290
0,hnsw,50000,64,l2,10,1000,16,32,100,64,8.661272,0.063656,15709.480,0.064,0.329,0.399,8.890,0.849500,26412578
0,hnsw,50000,64,l2,10,1000,16,32,100,128,7.695244,0.072456,13801.570,0.072,0.578,0.760,16.763,0.947200,26412578
0,hnsw,50000,64,l2,10,1000,16,32,100,256,8.057036,0.140672,7108.758,0.141,0.833,7.252,10.166,0.986300,26412578
0,hnsw,50000,64,l2,10,1000,16,32,200,64,7.224312,0.044735,22353.944,0.045,0.335,0.373,0.402,0.877000,26412578
0,hnsw,50000,64,l2,10,1000,16,32,200,128,12.941405,0.073786,13552.627,0.074,0.591,3.562,13.646,0.966000,26412578
0,hnsw,50000,64,l2,10,1000,16,32,200,256,11.682013,0.152170,6571.588,0.152,0.864,1.963,10.487,0.992300,26412578
1,flat,50000,64,l2,10,1000,16,,,,0.003981,0.297548,3360.797,0.298,1.076,4.772,12.263,1.000000,12800045
1,hnsw,50000,64,l2,10,1000,16,16,100,64,6.029606,0.051979,19238.633,0.052,0.257,0.439,10.812,0.720400,20015290
1,hnsw,50000,64,l2,10,1000,16,16,100,128,6.832892,0.063913,15646.254,0.064,0.415,0.489,9.309,0.854000,20015290
1,hnsw,50000,64,l2,10,1000,16,16,100,256,6.767470,0.100682,9932.231,0.101,0.673,3.404,15.499,0.935400,20015290
1,hnsw,50000,64,l2,10,1000,16,16,200,64,10.066997,0.061257,16324.668,0.061,0.263,0.870,14.102,0.743600,20015290
1,hnsw,50000,64,l2,10,1000,16,16,200,128,9.749838,0.061183,16344.482,0.061,0.446,2.599,9.254,0.877600,20015290
1,hnsw,50000,64,l2,10,1000,16,16,200,256,11.499872,0.109733,9112.991,0.110,0.758,1.626,9.909,0.956900,20015290
1,hnsw,50000,64,l2,10,1000,16,32,100,64,8.339159,0.046564,21475.915,0.047,0.312,0.408,9.167,0.847800,26412578
1,hnsw,50000,64,l2,10,1000,16,32,100,128,9.431905,0.070756,14133.050,0.071,0.597,3.379,16.624,0.949500,26412578
1,hnsw,50000,64,l2,10,1000,16,32,100,256,10.442604,0.135251,7393.675,0.135,1.094,1.286,2.963,0.985600,26412578
1,hnsw,50000,64,l2,10,1000,16,32,200,64,13.385290,0.040137,24914.695,0.040,0.392,0.504,8.816,0.874700,26412578
1,hnsw,50000,64,l2,10,1000,16,32,200,128,13.211936,0.080386,12440.052,0.080,0.508,6.606,9.833,0.965200,26412578
1,hnsw,50000,64,l2,10,1000,16,32,200,256,18.301837,0.138064,7243.040,0.138,0.950,4.180,10.036,0.991800,26412578
0,flat,100000,64,l2,10,1000,16,,,,0.019874,0.505141,1979.646,0.505,3.183,3.842,4.205,1.000000,25600045
0,hnsw,100000,64,l2,10,1000,16,16,100,64,13.274783,0.044607,22417.977,0.045,0.278,0.350,11.908,0.634000,40033274
0,hnsw,100000,64,l2,10,1000,16,16,100,128,13.083304,0.061109,16364.132,0.061,0.468,0.585,9.013,0.779300,40033274
0,hnsw,100000,64,l2,10,1000,16,16,100,256,14.966585,0.114533,8731.115,0.115,0.935,1.104,5.041,0.884200,40033274
0,hnsw,100000,64,l2,10,1000,16,16,200,64,22.250439,0.044331,22557.715,0.044,0.288,0.350,8.402,0.665900,40033274
0,flat,10000,64,l2,10,1000,16,,,,0.001938,0.110850,9021.235,0.111,0.301,0.316,8.804,1.000000,2560045
0,hnsw,10000,64,l2,10,1000,16,16,100,64,0.912925,0.027059,36956.377,0.027,0.138,0.151,9.894,0.898500,4000442
0,hnsw,10000,64,l2,10,1000,16,16,100,128,0.857565,0.051534,19404.731,0.052,0.271,0.312,15.595,0.970700,4000442
0,hnsw,10000,64,l2,10,1000,16,16,100,256,1.024093,0.094358,10597.912,0.094,0.558,0.736,9.207,0.993100,4000442
0,hnsw,10000,64,l2,10,1000,16,16,200,64,1.100488,0.024944,40089.789,0.025,0.138,0.147,0.151,0.909400,4000442
0,hnsw,10000,64,l2,10,1000,16,16,200,128,1.188671,0.045021,22212.060,0.045,0.272,0.300,0.336,0.977700,4000442
0,hnsw,10000,64,l2,10,1000,16,16,200,256,1.253815,0.082264,12155.986,0.082,0.563,0.600,0.627,0.995700,4000442
0,hnsw,10000,64,l2,10,1000,16,32,100,64,0.858088,0.027276,36661.774,0.027,0.178,0.189,0.209,0.957300,5277858
0,hnsw,10000,64,l2,10,1000,16,32,100,128,0.776547,0.054175,18458.641,0.054,0.338,0.365,0.506,0.993000,5277858
0,hnsw,10000,64,l2,10,1000,16,32,100,256,0.757921,0.096742,10336.738,0.097,0.644,0.656,0.667,0.998500,5277858
0,hnsw,10000,64,l2,10,1000,16,32,200,64,1.305763,0.038129,26226.468,0.038,0.197,0.211,8.441,0.968100,5277858
0,hnsw,10000,64,l2,10,1000,16,32,200,128,1.132964,0.048518,20610.780,0.049,0.364,0.393,9.030,0.995100,5277858
0,hnsw,10000,64,l2,10,1000,16,32,200,256,1.239735,0.090381,11064.313,0.090,0.694,5.790,9.659,0.999600,5277858
1,flat,10000,64,l2,10,1000,16,,,,0.000824,0.086304,11586.887,0.086,0.295,0.302,0.311,1.000000,2560045
1,hnsw,10000,64,l2,10,1000,16,16,100,64,0.695200,0.027627,36196.242,0.028,0.139,0.150,0.162,0.898500,4000442
1,hnsw,10000,64,l2,10,1000,16,16,100,128,0.694253,0.042727,23404.576,0.043,0.274,0.913,6.450,0.969200,4000442
1,hnsw,10000,64,l2,10,1000,16,16,100,256,0.854794,0.077018,12984.002,0.077,0.571,0.716,9.153,0.993000,4000442
1,hnsw,10000,64,l2,10,1000,16,16,200,64,1.148105,0.025953,38531.210,0.026,0.142,0.157,6.795,0.905600,4000442
1,hnsw,10000,64,l2,10,1000,16,16,200,128,1.152813,0.050119,19952.375,0.050,0.282,0.326,9.234,0.976000,4000442
1,hnsw,10000,64,l2,10,1000,16,16,200,256,1.108313,0.085242,11731.356,0.085,0.573,5.449,9.287,0.995300,4000442
1,hnsw,10000,64,l2,10,1000,16,32,100,64,0.864190,0.031295,31954.243,0.031,0.180,0.193,0.222,0.958100,5277858
1,hnsw,10000,64,l2,10,1000,16,32,100,128,0.701788,0.047689,20969.285,0.048,0.339,0.365,8.395,0.991300,5277858
1,hnsw,10000,64,l2,10,1000,16,32,100,256,0.712493,0.094240,10611.219,0.094,0.667,4.676,9.400,0.998300,5277858
1,hnsw,10000,64,l2,10,1000,16,32,200,64,1.129091,0.026643,37533.132,0.027,0.191,0.202,0.208,0.965600,5277858
1,hnsw,10000,64,l2,10,1000,16,32,200,128,1.293921,0.055971,17866.544,0.056,0.365,0.439,16.584,0.994600,5277858
1,hnsw,10000,64,l2,10,1000,16,32,200,256,0.965416,0.091508,10928.025,0.092,0.701,8.783,9.715,0.999000,5277858
0,flat,50000,64,l2,10,1000,16,,,,0.009668,0.313106,3193.810,0.313,1.459,1.541,1.861,1.000000,12800045
0,hnsw,50000,64,l2,10,1000,16,16,100,64,5.642504,0.034545,28947.839,0.035,0.238,0.304,14.324,0.720300,20015290
0,hnsw,50000,64,l2,10,1000,16,16,100,128,5.717717,0.047358,21115.588,0.047,0.428,0.530,9.382,0.853000,20015290
0,hnsw,50000,64,l2,10,1000,16,16,100,256,5.785563,0.098001,10204.015,0.098,0.811,0.952,9.469,0.932800,20015290
0,hnsw,50000,64,l2,10,1000,16,16,200,64,5.820174,0.029372,34046.290,0.029,0.232,0.288,15.965,0.744600,20015290
0,hnsw,50000,64,l2,10,1000,16,16,200,128,6.979068,0.048468,20632.103,0.048,0.402,0.464,0.658,0.876900,20015290
0,hnsw,50000,64,l2,10,1000,16,16,200,256,9.925519,0.098073,10196.459,0.098,0.809,0.867,9.174,0.952100,20015290
0,hnsw,50000,64,l2,10,1000,16,32,100,64,6.758899,0.046522,21495.365,0.047,0.344,0.423,8.885,0.849700,26412578
0,hnsw,50000,64,l2,10,1000,16,32,100,128,6.933499,0.066968,14932.427,0.067,0.574,5.557,9.421,0.949200,26412578
0,hnsw,50000,64,l2,10,1000,16,32,100,256,6.876202,0.141709,7056.726,0.142,0.942,1.577,21.740,0.986800,26412578
0,hnsw,50000,64,l2,10,1000,16,32,200,64,12.070297,0.040470,24709.877,0.040,0.332,0.385,0.414,0.875900,26412578
0,hnsw,50000,64,l2,10,1000,16,32,200,128,12.129021,0.073765,13556.486,0.074,0.565,7.361,14.590,0.963000,26412578
0,hnsw,50000,64,l2,10,1000,16,32,200,256,11.860817,0.148833,6718.937,0.149,0.885,3.092,10.152,0.991600,26412578
1,flat,50000,64,l2,10,1000,16,,,,0.003851,0.468900,2132.649,0.469,1.057,6.130,10.444,1.000000,12800045
1,hnsw,50000,64,l2,10,1000,16,16,100,64,5.361314,0.030242,33066.926,0.030,0.216,0.263,8.389,0.719900,20015290
1,hnsw,50000,64,l2,10,1000,16,16,100,128,5.814533,0.050618,19755.664,0.051,0.403,0.527,9.167,0.852800,20015290
1,hnsw,50000,64,l2,10,1000,16,16,100,256,5.773149,0.108361,9228.439,0.108,0.848,1.031,9.924,0.938500,20015290
1,hnsw,50000,64,l2,10,1000,16,16,200,64,9.071971,0.028030,35675.710,0.028,0.220,0.263,8.360,0.742900,20015290
1,hnsw,50000,64,l2,10,1000,16,16,200,128,9.329383,0.074141,13487.783,0.074,0.324,0.630,23.497,0.880400,20015290
1,hnsw,50000,64,l2,10,1000,16,16,200,256,9.439047,0.109455,9136.151,0.109,0.698,1.319,17.206,0.954500,20015290
1,hnsw,50000,64,l2,10,1000,16,32,100,64,8.432020,0.043543,22965.578,0.044,0.309,0.354,0.608,0.844700,26412578
1,hnsw,50000,64,l2,10,1000,16,32,100,128,7.602176,0.068621,14572.766,0.069,0.489,6.158,10.970,0.949200,26412578
1,hnsw,50000,64,l2,10,1000,16,32,100,256,7.922916,0.133973,7464.188,0.134,0.818,1.891,21.386,0.985200,26412578
1,hnsw,50000,64,l2,10,1000,16,32,200,64,11.971665,0.046701,21412.972,0.047,0.315,0.363,0.392,0.876800,26412578
1,hnsw,50000,64,l2,10,1000,16,32,200,128,11.507057,0.081028,12341.395,0.081,0.683,6.155,9.281,0.964500,26412578
1,hnsw,50000,64,l2,10,1000,16,32,200,256,13.738666,0.137120,7292.886,0.137,0.957,9.339,13.011,0.991600,26412578
0,flat,100000,64,l2,10,1000,16,,,,0.022748,0.655214,1526.218,0.655,3.588,4.044,4.289,1.000000,25600045
0,hnsw,100000,64,l2,10,1000,16,16,100,64,13.768288,0.039481,25328.659,0.039,0.272,0.352,8.374,0.631200,40033274
0,hnsw,100000,64,l2,10,1000,16,16,100,128,14.625083,0.064397,15528.595,0.064,0.560,4.075,8.970,0.779100,40033274
0,hnsw,100000,64,l2,10,1000,16,16,100,256,12.878319,0.143925,6948.046,0.144,1.053,1.119,1.153,0.882100,40033274
0,hnsw,100000,64,l2,10,1000,16,16,200,64,24.248627,0.053087,18836.960,0.053,0.302,0.363,0.396,0.659700,40033274
0,hnsw,100000,64,l2,10,1000,16,16,200,128,21.078784,0.065973,15157.728,0.066,0.557,2.595,9.042,0.808900,40033274
0,hnsw,100000,64,l2,10,1000,16,16,200,256,22.703651,0.131557,7601.247,0.132,1.057,1.269,9.801,0.911500,40033274
0,hnsw,100000,64,l2,10,1000,16,32,100,64,22.047316,0.064645,15469.142,0.065,0.418,0.467,0.488,0.783300,52820834
0,hnsw,100000,64,l2,10,1000,16,32,100,128,19.559955,0.122019,8195.447,0.122,0.741,0.852,0.908,0.908100,52820834
0,hnsw,100000,64,l2,10,1000,16,32,100,256,22.326628,0.176094,5678.794,0.176,1.518,1.626,1.683,0.971300,52820834
0,hnsw,100000,64,l2,10,1000,16,32,200,64,27.482281,0.058794,17008.625,0.059,0.534,0.804,15.718,0.820200,52820834
0,hnsw,100000,64,l2,10,1000,16,32,200,128,32.418091,0.092873,10767.381,0.093,0.831,1.082,17.178,0.934100,52820834
0,hnsw,100000,64,l2,10,1000,16,32,200,256,37.704648,0.182061,5492.652,0.182,1.429,6.792,10.683,0.983500,52820834
1,flat,100000,64,l2,10,1000,16,,,,0.008574,0.594480,1682.144,0.594,3.266,4.092,12.793,1.000000,25600045
1,hnsw,100000,64,l2,10,1000,16,16,100,64,11.138069,0.033365,29971.149,0.033,0.305,0.363,8.746,0.618600,40033274
1,hnsw,100000,64,l2,10,1000,16,16,100,128,13.462150,0.063766,15682.354,0.064,0.501,0.894,14.951,0.767200,40033274
1,hnsw,100000,64,l2,10,1000,16,16,100,256,12.823803,0.128770,7765.759,0.129,0.828,5.201,7.130,0.873800,40033274
1,hnsw,100000,64,l2,10,1000,16,16,200,64,16.319882,0.034009,29404.153,0.034,0.273,0.311,4.806,0.656000,40033274
1,hnsw,100000,64,l2,10,1000,16,16,200,128,16.530392,0.064075,15606.625,0.064,0.579,7.030,9.319,0.802100,40033274
1,hnsw,100000,64,l2,10,1000,16,16,200,256,23.875565,0.133181,7508.570,0.133,1.110,1.302,5.882,0.901000,40033274
1,hnsw,100000,64,l2,10,1000,16,32,100,64,22.464846,0.049996,20001.634,0.050,0.389,0.439,0.465,0.772900,52820834
1,hnsw,100000,64,l2,10,1000,16,32,100,128,20.733444,0.103981,9617.103,0.104,0.808,0.961,2.741,0.900000,52820834
1,hnsw,100000,64,l2,10,1000,16,32,100,256,19.140430,0.169844,5887.771,0.170,1.120,5.224,10.484,0.964800,52820834
1,hnsw,100000,64,l2,10,1000,16,32,200,64,34.540444,0.057087,17517.167,0.057,0.543,3.883,8.773,0.812800,52820834
1,hnsw,100000,64,l2,10,1000,16,32,200,128,28.426558,0.098750,10126.589,0.099,0.823,0.936,3.690,0.926700,52820834
1,hnsw,100000,64,l2,10,1000,16,32,200,256,34.896327,0.253215,3949.207,0.253,1.211,2.161,17.404,0.978000,52820834
0,flat,10000,128,l2,10,1000,16,,,,0.001607,0.066781,14974.368,0.067,0.549,0.559,0.790,1.000000,5120045
0,hnsw,10000,128,l2,10,1000,16,16,100,64,1.228854,0.026226,38130.578,0.026,0.185,0.197,0.271,0.817800,6560442
0,hnsw,10000,128,l2,10,1000,16,16,100,128,1.016030,0.055052,18164.527,0.055,0.380,0.585,16.548,0.923100,6560442
0,hnsw,10000,128,l2,10,1000,16,16,100,256,1.628744,0.100474,9952.853,0.100,0.668,0.697,0.783,0.974600,6560442
0,hnsw,10000,128,l2,10,1000,16,16,200,64,2.314832,0.043765,22849.374,0.044,0.206,0.262,8.349,0.827400,6560442
0,hnsw,10000,128,l2,10,1000,16,16,200,128,2.720181,0.056816,17600.571,0.057,0.359,0.422,15.952,0.934100,6560442
0,hnsw,10000,128,l2,10,1000,16,16,200,256,1.812232,0.102492,9756.846,0.102,0.713,5.855,9.698,0.981600,6560442
0,hnsw,10000,128,l2,10,1000,16,32,100,64,1.581110,0.041995,23812.530,0.042,0.269,0.288,0.337,0.912400,7837858
0,hnsw,10000,128,l2,10,1000,16,32,100,128,1.152268,0.073729,13563.143,0.074,0.491,0.657,8.944,0.977400,7837858
0,hnsw,10000,128,l2,10,1000,16,32,100,256,1.117730,0.117110,8539.012,0.117,0.847,8.326,9.683,0.995900,7837858
0,hnsw,10000,128,l2,10,1000,16,32,200,64,2.104426,0.046332,21583.399,0.046,0.294,0.369,9.061,0.922900,7837858
0,flat,2500,96,l2,10,1000,32,,,,0.000979,0.066212,15102.889,0.066,0.113,0.120,0.133,1.000000,960045
0,hnsw,2500,96,l2,10,1000,32,16,100,64,0.401017,0.063104,15846.980,0.063,0.123,0.132,0.158,0.965500,1319402
0,hnsw,2500,96,l2,10,1000,32,16,100,128,0.372116,0.060713,16471.028,0.061,0.224,0.265,8.001,0.992800,1319402
0,hnsw,2500,96,l2,10,1000,32,16,100,256,0.235234,0.086643,11541.612,0.087,0.439,5.213,6.526,0.998800,1319402
0,hnsw,2500,96,l2,10,1000,32,16,100,384,0.181738,0.148747,6722.819,0.149,0.708,8.182,9.527,0.999800,1319402
0,hnsw,2500,96,l2,10,1000,32,16,100,512,0.171995,0.188380,5308.416,0.188,0.745,1.184,20.754,0.999700,1319402
0,hnsw,2500,96,l2,10,1000,32,16,100,640,0.218450,0.238073,4200.393,0.238,1.034,1.535,17.466,0.999500,1319402
0,hnsw,2500,96,l2,10,1000,32,16,100,768,0.188966,0.311817,3207.010,0.312,1.370,6.758,10.494,1.000000,1319402
0,hnsw,2500,96,l2,10,1000,32,32,100,64,0.210993,0.038728,25821.008,0.039,0.147,0.160,8.488,0.986700,1638546
0,hnsw,2500,96,l2,10,1000,32,32,100,128,0.160914,0.061298,16313.677,0.061,0.250,0.262,8.725,0.998100,1638546
0,hnsw,2500,96,l2,10,1000,32,32,100,256,0.254718,0.081207,12314.209,0.081,0.467,0.989,9.370,1.000000,1638546
0,hnsw,2500,96,l2,10,1000,32,32,100,384,0.174305,0.107710,9284.178,0.108,0.740,6.929,9.695,1.000000,1638546
0,hnsw,2500,96,l2,10,1000,32,32,100,512,0.147016,0.159898,6253.981,0.160,1.067,1.089,1.094,1.000000,1638546
0,hnsw,2500,96,l2,10,1000,32,32,100,640,0.155381,0.235458,4247.035,0.235,1.062,1.581,21.404,1.000000,1638546
0,hnsw,2500,96,l2,10,1000,32,32,100,768,0.276579,0.355810,2810.493,0.356,1.975,2.164,2.209,1.000000,1638546
1,flat,2500,96,l2,10,1000,32,,,,0.000322,0.071493,13987.357,0.071,0.114,0.124,0.157,1.000000,960045
1,hnsw,2500,96,l2,10,1000,32,16,100,64,0.251376,0.041000,24390.190,0.041,0.117,0.165,0.351,0.962900,1319402
1,hnsw,2500,96,l2,10,1000,32,16,100,128,0.233583,0.046302,21597.125,0.046,0.226,0.564,11.037,0.993700,1319402
1,hnsw,2500,96,l2,10,1000,32,16,100,256,0.237459,0.080252,12460.727,0.080,0.426,0.605,22.407,0.999100,1319402
1,hnsw,2500,96,l2,10,1000,32,16,100,384,0.214101,0.130567,7658.927,0.131,0.511,0.832,18.866,0.999500,1319402
1,hnsw,2500,96,l2,10,1000,32,16,100,512,0.289172,0.246037,4064.430,0.246,0.750,1.757,9.782,0.999800,1319402
1,hnsw,2500,96,l2,10,1000,32,16,100,640,0.305959,0.258090,3874.612,0.258,1.035,8.564,11.741,0.999900,1319402
1,hnsw,2500,96,l2,10,1000,32,16,100,768,0.230466,0.361090,2769.389,0.361,1.367,2.099,23.609,0.999800,1319402
1,hnsw,2500,96,l2,10,1000,32,32,100,64,0.231962,0.039351,25412.237,0.039,0.143,0.155,0.251,0.988200,1638546
1,hnsw,2500,96,l2,10,1000,32,32,100,128,0.313892,0.060996,16394.581,0.061,0.247,0.258,0.273,0.997900,1638546
1,hnsw,2500,96,l2,10,1000,32,32,100,256,0.309203,0.076781,13024.077,0.077,0.462,0.496,7.000,0.999900,1638546
1,hnsw,2500,96,l2,10,1000,32,32,100,384,0.277030,0.142836,7001.031,0.143,0.734,0.794,9.404,0.999900,1638546
1,hnsw,2500,96,l2,10,1000,32,32,100,512,0.205335,0.178061,5616.064,0.178,1.071,1.115,9.290,1.000000,1638546
1,hnsw,2500,96,l2,10,1000,32,32,100,640,0.224751,0.287629,3476.695,0.288,1.061,4.024,10.215,1.000000,1638546
1,hnsw,2500,96,l2,10,1000,32,32,100,768,0.249068,0.321961,3105.962,0.322,1.403,2.498,11.052,1.000000,1638546
0,flat,5000,96,l2,10,1000,32,,,,0.000694,0.152631,6551.767,0.153,0.217,0.261,22.335,1.000000,1920045
0,hnsw,5000,96,l2,10,1000,32,16,100,64,0.606142,0.038054,26278.305,0.038,0.152,0.238,23.129,0.916100,2639578
0,hnsw,5000,96,l2,10,1000,32,16,100,128,0.571014,0.050955,19625.192,0.051,0.277,0.373,20.541,0.975200,2639578
0,hnsw,5000,96,l2,10,1000,32,16,100,256,0.489962,0.087221,11465.082,0.087,0.528,0.653,17.623,0.993900,2639578
0,hnsw,5000,96,l2,10,1000,32,16,100,384,0.495698,0.165698,6035.059,0.166,0.602,6.047,18.880,0.997700,2639578
0,hnsw,5000,96,l2,10,1000,32,16,100,512,0.477363,0.214763,4656.293,0.215,0.866,1.420,16.996,0.998700,2639578
0,hnsw,5000,96,l2,10,1000,32,16,100,640,0.608694,0.281705,3549.811,0.282,1.181,1.711,2.168,0.999600,2639578
0,hnsw,5000,96,l2,10,1000,32,16,100,768,0.659155,0.356748,2803.101,0.357,1.522,2.503,21.618,0.999200,2639578
0,hnsw,5000,96,l2,10,1000,32,32,100,64,0.453771,0.034881,28668.661,0.035,0.185,0.200,8.523,0.967800,3277250
0,hnsw,5000,96,l2,10,1000,32,32,100,128,0.382192,0.067121,14898.399,0.067,0.327,0.369,8.789,0.993600,3277250
0,hnsw,5000,96,l2,10,1000,32,32,100,256,0.457601,0.097673,10238.207,0.098,0.599,0.981,8.432,0.999200,3277250
0,hnsw,5000,96,l2,10,1000,32,32,100,384,0.471017,0.133190,7508.083,0.133,0.750,1.481,9.609,0.999900,3277250
0,hnsw,5000,96,l2,10,1000,32,32,100,512,0.548980,0.193535,5167.013,0.194,0.916,5.589,9.865,1.000000,3277250
0,hnsw,5000,96,l2,10,1000,32,32,100,640,0.534726,0.274087,3648.473,0.274,1.230,1.917,21.912,1.000000,3277250
0,hnsw,5000,96,l2,10,1000,32,32,100,768,0.557739,0.347075,2881.224,0.347,1.732,10.711,10.858,1.000000,3277250
1,flat,5000,96,l2,10,1000,32,,,,0.000746,0.026485,37757.630,0.026,0.213,0.220,0.223,1.000000,1920045
1,hnsw,5000,96,l2,10,1000,32,16,100,64,0.478416,0.038818,25761.278,0.039,0.139,0.151,0.276,0.918400,2639578
1,hnsw,5000,96,l2,10,1000,32,16,100,128,0.595133,0.046661,21431.264,0.047,0.267,0.332,9.350,0.977800,2639578
1,hnsw,5000,96,l2,10,1000,32,16,100,256,0.573542,0.087193,11468.795,0.087,0.406,0.676,24.701,0.995900,2639578
1,hnsw,5000,96,l2,10,1000,32,16,100,384,0.481054,0.178773,5593.677,0.179,0.623,1.094,17.694,0.998000,2639578
1,hnsw,5000,96,l2,10,1000,32,16,100,512,0.508008,0.197107,5073.392,0.197,0.895,6.439,13.717,0.998800,2639578
1,hnsw,5000,96,l2,10,1000,32,16,100,640,0.382414,0.247734,4036.584,0.248,1.191,1.768,17.732,0.999500,2639578
1,hnsw,5000,96,l2,10,1000,32,16,100,768,0.494251,0.376758,2654.223,0.377,1.588,6.113,10.978,0.999600,2639578
1,hnsw,5000,96,l2,10,1000,32,32,100,64,0.519869,0.039529,25298.057,0.040,0.183,0.209,8.441,0.967200,3277250
1,hnsw,5000,96,l2,10,1000,32,32,100,128,0.416908,0.059243,16879.654,0.059,0.321,0.440,19.454,0.994100,3277250
1,hnsw,5000,96,l2,10,1000,32,32,100,256,0.526326,0.088452,11305.574,0.088,0.497,0.720,20.045,0.999500,3277250
1,hnsw,5000,96,l2,10,1000,32,32,100,384,0.456185,0.139118,7188.152,0.139,0.652,1.009,20.963,0.999900,3277250
1,hnsw,5000,96,l2,10,1000,32,32,100,512,0.678782,0.194011,5154.359,0.194,1.053,1.889,10.202,1.000000,3277250
1,hnsw,5000,96,l2,10,1000,32,32,100,640,0.613009,0.288417,3467.204,0.288,1.281,6.020,14.448,1.000000,3277250
1,hnsw,5000,96,l2,10,1000,32,32,100,768,0.452916,0.357407,2797.934,0.357,1.689,2.320,12.371,1.000000,3277250
0,flat,7500,96,l2,10,1000,32,,,,0.001145,0.083803,11932.710,0.084,0.316,0.325,0.407,1.000000,2880045
0,hnsw,7500,96,l2,10,1000,32,16,100,64,0.819475,0.036700,27248.181,0.037,0.154,0.220,0.542,0.884200,3960074
0,hnsw,7500,96,l2,10,1000,32,16,100,128,0.899959,0.056320,17755.774,0.056,0.287,0.321,4.907,0.960200,3960074
0,hnsw,7500,96,l2,10,1000,32,16,100,256,0.958807,0.090610,11036.308,0.091,0.571,0.675,19.586,0.990400,3960074
0,hnsw,7500,96,l2,10,1000,32,16,100,384,0.793751,0.155255,6441.022,0.155,0.711,7.569,14.579,0.995700,3960074
0,hnsw,7500,96,l2,10,1000,32,16,100,512,0.692315,0.213178,4690.919,0.213,0.971,1.370,22.554,0.997100,3960074
0,hnsw,7500,96,l2,10,1000,32,16,100,640,0.822071,0.271755,3679.781,0.272,1.322,1.946,14.915,0.998600,3960074
0,hnsw,7500,96,l2,10,1000,32,16,100,768,1.014055,0.401367,2491.483,0.401,1.709,3.374,8.425,0.999100,3960074
0,hnsw,7500,96,l2,10,1000,32,32,100,64,0.839966,0.039705,25185.853,0.040,0.212,0.302,15.563,0.952900,4918514
0,hnsw,7500,96,l2,10,1000,32,32,100,128,0.806447,0.059822,16716.144,0.060,0.393,1.549,13.012,0.988400,4918514
0,hnsw,7500,96,l2,10,1000,32,32,100,256,0.936682,0.115918,8626.788,0.116,0.497,1.048,24.384,0.998100,4918514
0,hnsw,7500,96,l2,10,1000,32,32,100,384,0.968524,0.151616,6595.597,0.152,0.754,6.504,9.637,0.999300,4918514
0,hnsw,7500,96,l2,10,1000,32,32,100,512,0.906957,0.213442,4685.120,0.213,1.023,1.582,22.827,0.999700,4918514
0,hnsw,7500,96,l2,10,1000,32,32,100,640,0.987900,0.310095,3224.817,0.310,1.349,2.439,16.554,0.999900,4918514
0,hnsw,7500,96,l2,10,1000,32,32,100,768,0.918962,0.365580,2735.376,0.366,1.734,2.499,3.491,1.000000,4918514
1,flat,7500,96,l2,10,1000,32,,,,0.001028,0.123823,8076.070,0.124,0.319,0.336,3.161,1.000000,2880045
1,hnsw,7500,96,l2,10,1000,32,16,100,64,0.877029,0.035137,28460.096,0.035,0.165,0.240,19.613,0.883000,3960074
1,hnsw,7500,96,l2,10,1000,32,16,100,128,0.706663,0.051561,19394.339,0.052,0.309,0.450,20.487,0.959400,3960074
1,hnsw,7500,96,l2,10,1000,32,16,100,256,1.055236,0.088688,11275.424,0.089,0.572,0.596,0.688,0.988300,3960074
1,hnsw,7500,96,l2,10,1000,32,16,100,384,0.910402,0.161268,6200.845,0.161,0.914,1.531,9.652,0.995900,3960074
1,hnsw,7500,96,l2,10,1000,32,16,100,512,0.674991,0.212349,4709.236,0.212,0.944,1.699,25.602,0.997800,3960074
1,hnsw,7500,96,l2,10,1000,32,16,100,640,0.771349,0.297066,3366.250,0.297,1.260,10.159,11.490,0.998300,3960074
1,hnsw,7500,96,l2,10,1000,32,16,100,768,0.804393,0.397835,2513.606,0.398,1.641,6.905,11.324,0.998900,3960074
1,hnsw,7500,96,l2,10,1000,32,32,100,64,0.810621,0.132021,7574.553,0.132,0.222,0.350,20.472,0.949400,4918514
1,hnsw,7500,96,l2,10,1000,32,32,100,128,0.861218,0.066217,15101.902,0.066,0.289,0.769,22.662,0.989700,4918514
1,hnsw,7500,96,l2,10,1000,32,32,100,256,0.889124,0.112741,8869.869,0.113,0.675,0.794,19.635,0.997600,4918514
1,hnsw,7500,96,l2,10,1000,32,32,100,384,0.928189,0.151095,6618.374,0.151,0.796,1.450,21.403,0.999000,4918514
1,hnsw,7500,96,l2,10,1000,32,32,100,512,0.768725,0.208344,4799.762,0.208,1.117,1.966,19.170,0.999500,4918514
1,hnsw,7500,96,l2,10,1000,32,32,100,640,1.040300,0.300766,3324.849,0.301,1.430,2.450,18.965,0.999900,4918514
1,hnsw,7500,96,l2,10,1000,32,32,100,768,0.876041,0.370193,2701.293,0.370,1.818,2.984,22.310,0.999800,4918514
0,flat,10000,96,l2,10,1000,32,,,,0.001276,0.114125,8762.323,0.114,0.414,0.421,0.447,1.000000,3840045
0,hnsw,10000,96,l2,10,1000,32,16,100,64,1.133502,0.048754,20511.332,0.049,0.158,0.173,0.189,0.846000,5280442
0,hnsw,10000,96,l2,10,1000,32,16,100,128,1.095260,0.058171,17190.841,0.058,0.322,0.714,21.286,0.942700,5280442
0,hnsw,10000,96,l2,10,1000,32,16,100,256,1.154215,0.094523,10579.486,0.095,0.453,0.841,20.677,0.984100,5280442
0,hnsw,10000,96,l2,10,1000,32,16,100,384,1.440103,0.171865,5818.504,0.172,0.818,1.424,17.931,0.994100,5280442
0,hnsw,10000,96,l2,10,1000,32,16,100,512,1.109442,0.219341,4559.121,0.219,1.353,1.623,10.114,0.996800,5280442
0,hnsw,10000,96,l2,10,1000,32,16,100,640,1.244497,0.317095,3153.630,0.317,1.448,5.272,10.573,0.997500,5280442
0,hnsw,10000,96,l2,10,1000,32,16,100,768,1.265965,0.382558,2613.985,0.383,1.773,2.881,19.272,0.998600,5280442
0,hnsw,10000,96,l2,10,1000,32,32,100,64,1.257003,0.037675,26542.826,0.038,0.219,0.293,16.289,0.930900,6557858
0,hnsw,10000,96,l2,10,1000,32,32,100,128,1.328523,0.068984,14496.058,0.069,0.408,0.592,17.639,0.981800,6557858
0,hnsw,10000,96,l2,10,1000,32,32,100,256,1.206756,0.109839,9104.247,0.110,0.759,0.934,22.986,0.996700,6557858
0,hnsw,10000,96,l2,10,1000,32,32,100,384,1.372241,0.184634,5416.129,0.185,0.835,1.895,9.977,0.999000,6557858
0,hnsw,10000,96,l2,10,1000,32,32,100,512,1.413929,0.217695,4593.584,0.218,1.178,1.976,14.005,0.999400,6557858
0,hnsw,10000,96,l2,10,1000,32,32,100,640,1.231184,0.304581,3283.197,0.305,1.483,2.458,18.421,0.999600,6557858
0,hnsw,10000,96,l2,10,1000,32,32,100,768,1.541198,0.400065,2499.591,0.400,1.856,2.691,30.056,0.999800,6557858
1,flat,10000,96,l2,10,1000,32,,,,0.001278,0.270407,3698.131,0.270,0.333,0.530,25.078,1.000000,3840045
1,hnsw,10000,96,l2,10,1000,32,16,100,64,1.130723,0.051823,19296.616,0.052,0.192,0.316,21.473,0.853700,5280442
1,hnsw,10000,96,l2,10,1000,32,16,100,128,1.210313,0.055841,17907.958,0.056,0.311,0.357,9.153,0.940700,5280442
1,hnsw,10000,96,l2,10,1000,32,16,100,256,1.021741,0.093857,10654.544,0.094,0.455,0.888,20.551,0.981900,5280442
1,hnsw,10000,96,l2,10,1000,32,16,100,384,1.119869,0.171234,5839.949,0.171,0.707,1.358,21.350,0.992500,5280442
1,hnsw,10000,96,l2,10,1000,32,16,100,512,0.957593,0.217280,4602.364,0.217,1.017,9.625,19.958,0.996100,5280442
1,hnsw,10000,96,l2,10,1000,32,16,100,640,1.184404,0.279185,3581.854,0.279,1.348,10.328,12.220,0.996700,5280442
1,hnsw,10000,96,l2,10,1000,32,16,100,768,1.072430,0.373483,2677.501,0.373,1.800,3.502,11.248,0.998100,5280442
1,hnsw,10000,96,l2,10,1000,32,32,100,64,1.092066,0.043641,22914.012,0.044,0.241,0.341,14.462,0.931000,6557858
1,hnsw,10000,96,l2,10,1000,32,32,100,128,1.128674,0.072376,13816.774,0.072,0.415,2.784,21.336,0.980000,6557858
1,hnsw,10000,96,l2,10,1000,32,32,100,256,1.127239,0.115347,8669.472,0.115,0.558,1.119,22.509,0.997100,6557858
1,hnsw,10000,96,l2,10,1000,32,32,100,384,1.126949,0.182326,5484.671,0.182,0.807,1.591,26.516,0.999000,6557858
1,hnsw,10000,96,l2,10,1000,32,32,100,512,1.029778,0.226233,4420.226,0.226,1.121,4.430,17.671,0.999500,6557858
1,hnsw,10000,96,l2,10,1000,32,32,100,640,1.444386,0.342519,2919.545,0.343,1.461,2.477,18.000,0.999900,6557858
1,hnsw,10000,96,l2,10,1000,32,32,100,768,1.566724,0.418011,2392.280,0.418,1.865,2.880,10.918,0.999800,6557858
0,flat,50000,96,l2,10,1000,32,,,,0.015042,0.628912,1590.048,0.629,1.934,2.985,22.454,1.000000,19200045
0,hnsw,50000,96,l2,10,1000,32,16,100,64,6.999381,0.047748,20943.423,0.048,0.279,0.343,9.165,0.641000,26415290
0,hnsw,50000,96,l2,10,1000,32,16,100,128,8.910228,0.071140,14056.797,0.071,0.535,1.271,9.310,0.790900,26415290
0,flat,2500,96,l2,10,1000,32,,,,0.000895,0.228249,4381.171,0.228,0.113,0.119,0.152,1.000000,960045
0,hnsw,2500,96,l2,10,1000,32,16,200,64,0.596703,0.049312,20279.176,0.049,0.124,0.138,0.406,0.966300,1319402
0,hnsw,2500,96,l2,10,1000,32,16,200,128,0.548657,0.061630,16225.773,0.062,0.226,0.333,21.612,0.995200,1319402
0,hnsw,2500,96,l2,10,1000,32,16,200,256,0.272560,0.088650,11280.378,0.089,0.440,5.815,9.299,0.999900,1319402
0,hnsw,2500,96,l2,10,1000,32,16,200,384,0.236158,0.146087,6845.239,0.146,0.707,0.772,21.093,0.999800,1319402
0,hnsw,2500,96,l2,10,1000,32,16,200,512,0.261960,0.174505,5730.502,0.175,0.804,7.432,9.764,0.999800,1319402
0,hnsw,2500,96,l2,10,1000,32,16,200,640,0.260640,0.236570,4227.081,0.237,1.120,1.480,18.749,0.999900,1319402
0,hnsw,2500,96,l2,10,1000,32,16,200,768,0.265022,0.335634,2979.436,0.336,1.418,9.912,10.691,1.000000,1319402
1,flat,2500,96,l2,10,1000,32,,,,0.000341,0.023477,42595.226,0.023,0.114,0.126,1.342,1.000000,960045
1,hnsw,2500,96,l2,10,1000,32,16,200,64,0.223357,0.030153,33163.968,0.030,0.122,0.135,17.187,0.967400,1319402
1,hnsw,2500,96,l2,10,1000,32,16,200,128,0.246300,0.055875,17897.138,0.056,0.222,0.281,19.069,0.995800,1319402
1,hnsw,2500,96,l2,10,1000,32,16,200,256,0.277126,0.079842,12524.680,0.080,0.442,0.453,0.463,0.999400,1319402
1,hnsw,2500,96,l2,10,1000,32,16,200,384,0.275124,0.148436,6736.894,0.148,0.704,4.122,9.820,0.999800,1319402
1,hnsw,2500,96,l2,10,1000,32,16,200,512,0.241964,0.184016,5434.318,0.184,0.749,1.435,20.471,1.000000,1319402
1,hnsw,2500,96,l2,10,1000,32,16,200,640,0.284552,0.251345,3978.597,0.251,1.039,6.815,10.131,1.000000,1319402
1,hnsw,2500,96,l2,10,1000,32,16,200,768,0.326540,0.346723,2884.149,0.347,1.375,8.221,10.590,1.000000,1319402
0,flat,5000,96,l2,10,1000,32,,,,0.000567,0.115393,8666.059,0.115,0.216,0.279,19.104,1.000000,1920045
0,hnsw,5000,96,l2,10,1000,32,16,200,64,0.871697,0.045298,22075.865,0.045,0.150,0.207,15.848,0.926000,2639578
0,hnsw,5000,96,l2,10,1000,32,16,200,128,0.732422,0.065762,15206.416,0.066,0.290,8.936,10.461,0.982600,2639578
0,hnsw,5000,96,l2,10,1000,32,16,200,256,0.689369,0.090888,11002.590,0.091,0.552,0.830,22.582,0.996300,2639578
0,hnsw,5000,96,l2,10,1000,32,16,200,384,0.945125,0.162843,6140.879,0.163,0.611,1.133,21.352,0.999100,2639578
0,hnsw,5000,96,l2,10,1000,32,16,200,512,0.790357,0.216014,4629.322,0.216,0.874,1.692,10.174,0.999300,2639578
0,hnsw,5000,96,l2,10,1000,32,16,200,640,0.699108,0.258957,3861.643,0.259,1.186,2.237,10.783,0.999500,2639578
0,hnsw,5000,96,l2,10,1000,32,16,200,768,0.594926,0.356727,2803.262,0.357,1.538,2.803,24.701,0.999700,2639578
1,flat,5000,96,l2,10,1000,32,,,,0.000573,0.084270,11866.664,0.084,0.216,0.224,8.952,1.000000,1920045
1,hnsw,5000,96,l2,10,1000,32,16,200,64,1.251531,0.043760,22851.818,0.044,0.151,0.172,8.369,0.927000,2639578
1,hnsw,5000,96,l2,10,1000,32,16,200,128,1.037866,0.086564,11552.179,0.087,0.281,0.335,16.940,0.982900,2639578
1,hnsw,5000,96,l2,10,1000,32,16,200,256,1.138305,0.118867,8412.755,0.119,0.549,2.528,9.581,0.996900,2639578
1,hnsw,5000,96,l2,10,1000,32,16,200,384,0.678904,0.147952,6758.931,0.148,0.615,1.345,15.884,0.999000,2639578
1,hnsw,5000,96,l2,10,1000,32,16,200,512,0.719307,0.196865,5079.636,0.197,0.878,1.499,22.389,0.999700,2639578
1,hnsw,5000,96,l2,10,1000,32,16,200,640,0.773760,0.262278,3812.745,0.262,1.181,2.046,20.994,0.999800,2639578
1,hnsw,5000,96,l2,10,1000,32,16,200,768,0.679946,0.359812,2779.231,0.360,1.541,2.877,23.322,0.999800,2639578
0,flat,7500,96,l2,10,1000,32,,,,0.000901,0.224339,4457.539,0.224,0.319,2.684,9.179,1.000000,2880045
0,hnsw,7500,96,l2,10,1000,32,16,200,64,1.444660,0.036010,27770.112,0.036,0.162,0.250,17.271,0.889200,3960074
0,hnsw,7500,96,l2,10,1000,32,16,200,128,1.200688,0.060764,16457.058,0.061,0.310,5.933,9.557,0.967700,3960074
0,hnsw,7500,96,l2,10,1000,32,16,200,256,1.301693,0.091983,10871.560,0.092,0.522,0.956,17.389,0.992400,3960074
0,hnsw,7500,96,l2,10,1000,32,16,200,384,1.088654,0.179927,5557.824,0.180,0.706,2.850,21.599,0.997800,3960074
0,hnsw,7500,96,l2,10,1000,32,16,200,512,1.256268,0.222076,4502.961,0.222,1.072,5.852,10.286,0.999200,3960074
0,hnsw,7500,96,l2,10,1000,32,16,200,640,1.843520,0.290313,3444.553,0.290,1.740,1.818,1.864,0.999300,3960074
0,hnsw,7500,96,l2,10,1000,32,16,200,768,1.320205,0.390368,2561.686,0.390,1.698,2.670,23.368,0.999400,3960074
1,flat,7500,96,l2,10,1000,32,,,,0.001084,0.117291,8525.820,0.117,0.316,0.325,0.337,1.000000,2880045
1,hnsw,7500,96,l2,10,1000,32,16,200,64,1.970296,0.048858,20467.586,0.049,0.159,0.185,8.418,0.892000,3960074
1,hnsw,7500,96,l2,10,1000,32,16,200,128,1.963557,0.067175,14886.517,0.067,0.302,1.510,4.478,0.969500,3960074
1,hnsw,7500,96,l2,10,1000,32,16,200,256,1.924536,0.114063,8767.097,0.114,0.588,0.688,4.846,0.993300,3960074
1,hnsw,7500,96,l2,10,1000,32,16,200,384,1.510416,0.176995,5649.878,0.177,0.924,1.324,10.383,0.998000,3960074
1,hnsw,7500,96,l2,10,1000,32,16,200,512,1.055317,0.207450,4820.443,0.207,0.991,1.874,16.156,0.998900,3960074
1,hnsw,7500,96,l2,10,1000,32,16,200,640,1.377900,0.287948,3472.855,0.288,1.295,2.067,18.069,0.999500,3960074
1,hnsw,7500,96,l2,10,1000,32,16,200,768,1.449032,0.440104,2272.191,0.440,1.730,7.052,10.528,0.999700,3960074
0,flat,10000,96,l2,10,1000,32,,,,0.001220,0.146461,6827.759,0.146,0.416,0.437,2.416,1.000000,3840045
0,hnsw,10000,96,l2,10,1000,32,16,200,64,2.026789,0.048163,20762.779,0.048,0.177,0.236,15.584,0.856400,5280442
0,hnsw,10000,96,l2,10,1000,32,16,200,128,1.900559,0.067267,14866.022,0.067,0.341,0.492,16.581,0.952200,5280442
0,hnsw,10000,96,l2,10,1000,32,16,200,256,1.708842,0.096820,10328.438,0.097,0.634,6.778,9.534,0.989700,5280442
0,hnsw,10000,96,l2,10,1000,32,16,200,384,1.810952,0.184189,5429.218,0.184,0.723,1.377,18.038,0.996100,5280442
0,hnsw,10000,96,l2,10,1000,32,16,200,512,1.936547,0.220367,4537.878,0.220,1.010,1.857,20.993,0.998100,5280442
0,hnsw,10000,96,l2,10,1000,32,16,200,640,1.876551,0.298452,3350.627,0.298,1.380,2.509,10.674,0.998900,5280442
0,hnsw,10000,96,l2,10,1000,32,16,200,768,1.687040,0.396021,2525.117,0.396,1.774,2.514,3.132,0.999100,5280442
1,flat,10000,96,l2,10,1000,32,,,,0.001273,0.111577,8962.414,0.112,0.417,0.425,0.509,1.000000,3840045
1,hnsw,10000,96,l2,10,1000,32,16,200,64,1.374352,0.038744,25810.456,0.039,0.191,0.329,23.253,0.863100,5280442
1,hnsw,10000,96,l2,10,1000,32,16,200,128,1.707994,0.059278,16869.679,0.059,0.348,0.625,24.330,0.954000,5280442
1,hnsw,10000,96,l2,10,1000,32,16,200,256,1.829693,0.097268,10280.886,0.097,0.466,0.939,21.085,0.989200,5280442
1,hnsw,10000,96,l2,10,1000,32,16,200,384,2.240686,0.215533,4639.665,0.216,1.042,5.233,9.133,0.996100,5280442
1,hnsw,10000,96,l2,10,1000,32,16,200,512,2.822214,0.297189,3364.862,0.297,1.501,2.110,22.134,0.998200,5280442
1,hnsw,10000,96,l2,10,1000,32,16,200,640,1.957635,0.388005,2577.285,0.388,1.428,2.043,2.941,0.998700,5280442
1,hnsw,10000,96,l2,10,1000,32,16,200,768,2.661678,0.447297,2235.650,0.447,2.440,2.746,2.787,0.999000,5280442
0,flat,50000,96,l2,10,1000,32,,,,0.017461,0.676638,1477.894,0.677,2.667,3.166,18.351,1.000000,19200045
0,flat,2500,96,l2,10,1000,32,,,,0.000800,0.195514,5114.732,0.196,0.114,0.159,2.629,1.000000,960045
0,hnsw,2500,96,l2,10,1000,32,16,200,64,0.778959,0.058517,17088.933,0.059,0.123,0.150,11.808,0.965900,1319402
0,hnsw,2500,96,l2,10,1000,32,16,200,128,0.362838,0.079664,12552.682,0.080,0.222,0.237,0.266,0.995100,1319402
0,hnsw,2500,96,l2,10,1000,32,16,200,256,0.408780,0.086282,11589.936,0.086,0.434,2.296,16.047,0.999400,1319402
0,hnsw,2500,96,l2,10,1000,32,16,200,384,0.209670,0.124855,8009.303,0.125,0.606,6.086,16.866,0.999900,1319402
0,hnsw,2500,96,l2,10,1000,32,16,200,512,0.319471,0.185163,5400.646,0.185,0.848,1.218,16.130,0.999700,1319402
0,hnsw,2500,96,l2,10,1000,32,16,200,640,0.303166,0.241344,4143.459,0.241,1.431,1.484,1.567,1.000000,1319402
0,hnsw,2500,96,l2,10,1000,32,16,200,768,0.317622,0.339054,2949.381,0.339,1.468,2.609,12.659,0.999900,1319402
1,flat,2500,96,l2,10,1000,32,,,,0.000382,0.040788,24517.206,0.041,0.113,0.120,0.137,1.000000,960045
1,hnsw,2500,96,l2,10,1000,32,16,200,64,0.395569,0.037653,26558.173,0.038,0.126,0.191,22.445,0.967300,1319402
1,hnsw,2500,96,l2,10,1000,32,16,200,128,0.241226,0.043678,22894.563,0.044,0.225,0.259,16.465,0.995900,1319402
1,hnsw,2500,96,l2,10,1000,32,16,200,256,0.317656,0.076586,13057.250,0.077,0.439,0.454,0.497,0.999200,1319402
0,flat,2500,96,l2,10,1000,32,,,,0.000652,0.261446,3824.884,0.261,0.113,0.118,0.335,1.000000,960045
0,hnsw,2500,96,l2,10,1000,32,16,200,64,0.364350,0.036054,27735.835,0.036,0.125,0.132,0.227,0.966200,1319402
0,hnsw,2500,96,l2,10,1000,32,16,200,128,0.306591,0.044341,22552.363,0.044,0.225,0.292,8.651,0.995400,1319402
0,hnsw,2500,96,l2,10,1000,32,16,200,256,0.331676,0.072639,13766.737,0.073,0.441,0.908,9.139,0.999200,1319402
0,hnsw,2500,96,l2,10,1000,32,16,200,384,0.259903,0.140546,7115.132,0.141,0.510,0.831,21.181,0.999800,1319402
0,hnsw,2500,96,l2,10,1000,32,16,200,512,0.308953,0.200288,4992.809,0.200,0.748,3.677,20.520,0.999800,1319402
0,hnsw,2500,96,l2,10,1000,32,16,200,640,0.285134,0.302086,3310.319,0.302,1.037,1.689,17.936,1.000000,1319402
0,hnsw,2500,96,l2,10,1000,32,16,200,768,0.345451,0.335647,2979.322,0.336,1.374,2.001,20.677,0.999800,1319402
1,flat,2500,96,l2,10,1000,32,,,,0.000355,0.081329,12295.693,0.081,0.114,0.121,2.125,1.000000,960045
1,hnsw,2500,96,l2,10,1000,32,16,200,64,0.369449,0.058591,17067.361,0.059,0.124,0.137,0.179,0.967400,1319402
1,hnsw,2500,96,l2,10,1000,32,16,200,128,0.339945,0.068018,14701.946,0.068,0.225,0.242,0.338,0.995400,1319402
1,hnsw,2500,96,l2,10,1000,32,16,200,256,0.303287,0.080463,12428.111,0.080,0.439,0.450,0.478,0.999300,1319402
1,hnsw,2500,96,l2,10,1000,32,16,200,384,0.375026,0.150577,6641.101,0.151,0.693,4.561,10.879,0.999500,1319402
1,hnsw,2500,96,l2,10,1000,32,16,200,512,0.268758,0.200072,4998.191,0.200,0.750,1.568,9.861,0.999800,1319402
1,hnsw,2500,96,l2,10,1000,32,16,200,640,0.259265,0.244429,4091.170,0.244,1.035,9.843,11.313,1.000000,1319402
1,hnsw,2500,96,l2,10,1000,32,16,200,768,0.332321,0.349064,2864.805,0.349,1.377,2.506,10.844,1.000000,1319402
0,flat,5000,96,l2,10,1000,32,,,,0.000598,0.129238,7737.665,0.129,0.217,0.293,21.908,1.000000,1920045
0,hnsw,5000,96,l2,10,1000,32,16,200,64,0.701661,0.033045,30261.401,0.033,0.156,0.236,13.350,0.926400,2639578
0,hnsw,5000,96,l2,10,1000,32,16,200,128,0.684147,0.063607,15721.419,0.064,0.281,0.406,19.918,0.982700,2639578
0,hnsw,5000,96,l2,10,1000,32,16,200,256,0.577195,0.083895,11919.680,0.084,0.394,0.706,20.637,0.996500,2639578
0,hnsw,5000,96,l2,10,1000,32,16,200,384,0.762980,0.189956,5264.378,0.190,0.618,8.136,10.812,0.998500,2639578
0,hnsw,5000,96,l2,10,1000,32,16,200,512,0.916637,0.227706,4391.619,0.228,1.209,1.282,6.008,0.999500,2639578
0,hnsw,5000,96,l2,10,1000,32,16,200,640,0.949987,0.330536,3025.392,0.331,1.187,1.773,23.458,0.999600,2639578
0,hnsw,5000,96,l2,10,1000,32,16,200,768,0.694315,0.362295,2760.182,0.362,1.545,2.177,2.267,0.999700,2639578
1,flat,5000,96,l2,10,1000,32,,,,0.000729,0.062372,16032.941,0.062,0.214,0.222,0.293,1.000000,1920045
1,hnsw,5000,96,l2,10,1000,32,16,200,64,0.891282,0.108559,9211.573,0.109,0.146,0.174,8.315,0.926900,2639578
1,hnsw,5000,96,l2,10,1000,32,16,200,128,0.950869,0.052624,19002.711,0.053,0.266,0.284,8.502,0.982900,2639578
1,hnsw,5000,96,l2,10,1000,32,16,200,256,0.920400,0.106512,9388.650,0.107,0.527,0.557,0.619,0.996900,2639578
1,hnsw,5000,96,l2,10,1000,32,16,200,384,0.972252,0.178079,5615.480,0.178,0.625,5.693,10.998,0.998900,2639578
1,hnsw,5000,96,l2,10,1000,32,16,200,512,0.657936,0.230217,4343.723,0.230,1.194,1.285,5.997,0.999800,2639578
1,hnsw,5000,96,l2,10,1000,32,16,200,640,0.718149,0.283608,3525.994,0.284,1.243,5.746,10.346,0.999800,2639578
1,hnsw,5000,96,l2,10,1000,32,16,200,768,0.784812,0.366917,2725.411,0.367,1.541,2.602,25.623,0.999800,2639578
0,flat,7500,96,l2,10,1000,32,,,,0.000950,0.102674,9739.567,0.103,0.319,0.395,20.508,1.000000,2880045
0,hnsw,7500,96,l2,10,1000,32,16,200,64,1.032486,0.039211,25502.831,0.039,0.167,0.232,20.912,0.894300,3960074
0,hnsw,7500,96,l2,10,1000,32,16,200,128,1.048324,0.061364,16296.280,0.061,0.316,0.466,18.013,0.968300,3960074
0,hnsw,7500,96,l2,10,1000,32,16,200,256,1.271869,0.086540,11555.352,0.087,0.598,0.652,20.468,0.993500,3960074
0,hnsw,7500,96,l2,10,1000,32,16,200,384,0.978264,0.182003,5494.415,0.182,0.928,0.959,1.021,0.997900,3960074
0,hnsw,7500,96,l2,10,1000,32,16,200,512,1.300535,0.221513,4514.417,0.222,0.950,1.476,18.272,0.999200,3960074
0,hnsw,7500,96,l2,10,1000,32,16,200,640,1.189388,0.281626,3550.814,0.282,1.279,2.323,23.755,0.999500,3960074
0,hnsw,7500,96,l2,10,1000,32,16,200,768,0.955364,0.395083,2531.115,0.395,1.681,2.805,25.253,0.999700,3960074
1,flat,7500,96,l2,10,1000,32,,,,0.000987,0.100003,9999.676,0.100,0.315,0.324,0.341,1.000000,2880045
1,hnsw,7500,96,l2,10,1000,32,16,200,64,1.355191,0.088509,11298.255,0.089,0.165,0.227,18.645,0.891900,3960074
1,hnsw,7500,96,l2,10,1000,32,16,200,128,1.503083,0.059682,16755.417,0.060,0.312,0.451,16.581,0.969100,3960074
1,hnsw,7500,96,l2,10,1000,32,16,200,256,1.191583,0.088946,11242.836,0.089,0.424,0.834,25.018,0.992800,3960074
1,hnsw,7500,96,l2,10,1000,32,16,200,384,1.645457,0.289907,3449.377,0.290,0.917,1.278,22.958,0.997200,3960074
1,hnsw,7500,96,l2,10,1000,32,16,200,512,1.340721,0.260216,3842.958,0.260,0.970,1.709,16.675,0.998800,3960074
1,hnsw,7500,96,l2,10,1000,32,16,200,640,1.622296,0.281595,3551.206,0.282,1.300,2.334,18.180,0.999500,3960074
1,hnsw,7500,96,l2,10,1000,32,16,200,768,1.245745,0.363905,2747.974,0.364,1.670,2.917,23.625,0.999900,3960074
0,flat,10000,96,l2,10,1000,32,,,,0.001351,0.151700,6591.955,0.152,0.421,0.626,9.410,1.000000,3840045
0,hnsw,10000,96,l2,10,1000,32,16,200,64,2.144306,0.055574,17993.879,0.056,0.186,0.320,23.133,0.856200,5280442
0,hnsw,10000,96,l2,10,1000,32,16,200,128,1.383316,0.056666,17647.280,0.057,0.336,0.467,21.192,0.952800,5280442
0,hnsw,10000,96,l2,10,1000,32,16,200,256,2.008941,0.098368,10165.945,0.098,0.629,1.443,14.957,0.989100,5280442
0,hnsw,10000,96,l2,10,1000,32,16,200,384,1.890262,0.171373,5835.210,0.171,0.725,7.992,13.097,0.995200,5280442
0,hnsw,10000,96,l2,10,1000,32,16,200,512,1.587339,0.232009,4310.182,0.232,1.035,5.368,10.307,0.998100,5280442
0,hnsw,10000,96,l2,10,1000,32,16,200,640,1.788126,0.298484,3350.262,0.298,1.374,2.221,23.475,0.998900,5280442
0,hnsw,10000,96,l2,10,1000,32,16,200,768,1.775811,0.423445,2361.584,0.423,1.745,2.830,24.447,0.999100,5280442
1,flat,10000,96,l2,10,1000,32,,,,0.001359,0.218162,4583.750,0.218,0.418,0.448,9.617,1.000000,3840045
1,hnsw,10000,96,l2,10,1000,32,16,200,64,2.372245,0.059088,16924.023,0.059,0.166,0.185,0.215,0.863000,5280442
1,hnsw,10000,96,l2,10,1000,32,16,200,128,1.595702,0.068618,14573.442,0.069,0.338,0.550,9.447,0.954500,5280442
1,hnsw,10000,96,l2,10,1000,32,16,200,256,1.880306,0.110611,9040.661,0.111,0.461,0.901,22.895,0.989200,5280442
1,hnsw,10000,96,l2,10,1000,32,16,200,384,1.847206,0.195387,5118.052,0.195,0.723,1.416,23.404,0.996300,5280442
1,hnsw,10000,96,l2,10,1000,32,16,200,512,1.987997,0.288474,3466.521,0.288,1.009,2.168,10.287,0.997800,5280442
1,hnsw,10000,96,l2,10,1000,32,16,200,640,1.433556,0.284939,3509.526,0.285,1.343,2.301,25.155,0.998600,5280442
1,hnsw,10000,96,l2,10,1000,32,16,200,768,1.701075,0.400410,2497.439,0.400,1.751,3.197,18.445,0.999000,5280442
0,flat,50000,96,l2,10,1000,32,,,,0.015051,0.684915,1460.036,0.685,1.906,3.158,20.286,1.000000,19200045
0,hnsw,50000,96,l2,10,1000,32,16,200,64,14.488190,0.054598,18315.548,0.055,0.287,0.384,3.352,0.668200,26415290
0,hnsw,50000,96,l2,10,1000,32,16,200,128,16.157347,0.086731,11529.910,0.087,0.592,0.787,17.060,0.815800,26415290
0,hnsw,50000,96,l2,10,1000,32,16,200,256,12.542496,0.152698,6548.894,0.153,0.827,9.090,9.979,0.910700,26415290
0,hnsw,50000,96,l2,10,1000,32,16,200,384,16.346951,0.227025,4404.793,0.227,1.136,2.530,10.603,0.947600,26415290
0,hnsw,50000,96,l2,10,1000,32,16,200,512,7.918536,0.338149,2957.280,0.338,1.781,2.484,9.790,0.964800,26415290
0,hnsw,50000,96,l2,10,1000,32,16,200,640,13.166309,0.454932,2198.132,0.455,2.382,3.423,25.730,0.972000,26415290
0,hnsw,50000,96,l2,10,1000,32,16,200,768,11.496160,0.609514,1640.650,0.610,2.881,8.577,14.576,0.980600,26415290
1,flat,50000,96,l2,10,1000,32,,,,0.005864,0.782402,1278.116,0.782,2.072,8.180,11.674,1.000000,19200045
1,hnsw,50000,96,l2,10,1000,32,16,200,64,18.130580,0.048889,20454.363,0.049,0.306,0.423,19.551,0.657100,26415290
1,hnsw,50000,96,l2,10,1000,32,16,200,128,14.179010,0.084721,11803.464,0.085,0.548,0.828,9.434,0.806100,26415290
1,hnsw,50000,96,l2,10,1000,32,16,200,256,13.054122,0.166094,6020.685,0.166,0.749,1.526,28.358,0.906800,26415290
1,hnsw,50000,96,l2,10,1000,32,16,200,384,13.806540,0.259354,3855.734,0.259,1.114,2.083,21.970,0.943000,26415290
1,hnsw,50000,96,l2,10,1000,32,16,200,512,12.005272,0.328988,3039.627,0.329,1.700,2.676,18.776,0.959900,26415290
0,flat,2500,96,l2,10,1000,32,,,,0.000691,0.052249,19138.989,0.052,0.114,0.134,0.317,1.000000,960045
0,hnsw,2500,96,l2,10,1000,32,32,200,64,0.691496,0.079622,12559.288,0.080,0.157,0.171,8.314,0.991400,1638546
0,hnsw,2500,96,l2,10,1000,32,32,200,128,0.385702,0.102951,9713.391,0.103,0.263,1.397,16.461,0.999300,1638546
0,hnsw,2500,96,l2,10,1000,32,32,200,256,0.414274,0.079262,12616.328,0.079,0.481,0.556,4.252,0.999800,1638546
0,hnsw,2500,96,l2,10,1000,32,32,200,384,0.390575,0.139561,7165.318,0.140,0.748,0.830,18.176,1.000000,1638546
0,hnsw,2500,96,l2,10,1000,32,32,200,512,0.255286,0.167848,5957.756,0.168,0.777,1.230,17.175,1.000000,1638546
0,hnsw,2500,96,l2,10,1000,32,32,200,640,0.285462,0.254151,3934.674,0.254,1.474,1.529,1.708,1.000000,1638546
0,hnsw,2500,96,l2,10,1000,32,32,200,768,0.287299,0.333324,3000.085,0.333,1.416,2.015,2.318,1.000000,1638546
1,flat,2500,96,l2,10,1000,32,,,,0.000331,0.080188,12470.630,0.080,0.115,0.125,18.803,1.000000,960045
1,hnsw,2500,96,l2,10,1000,32,32,200,64,0.288395,0.037750,26489.874,0.038,0.156,0.225,25.248,0.990700,1638546
1,hnsw,2500,96,l2,10,1000,32,32,200,128,0.279894,0.048723,20524.230,0.049,0.260,0.293,20.428,0.998800,1638546
1,hnsw,2500,96,l2,10,1000,32,32,200,256,0.232568,0.100786,9922.030,0.101,0.473,0.545,17.247,0.999900,1638546
1,hnsw,2500,96,l2,10,1000,32,32,200,384,0.263890,0.121637,8221.175,0.122,0.535,0.852,20.741,0.999800,1638546
1,hnsw,2500,96,l2,10,1000,32,32,200,512,0.220560,0.177292,5640.400,0.177,1.076,1.214,15.637,1.000000,1638546
1,hnsw,2500,96,l2,10,1000,32,32,200,640,0.244312,0.245996,4065.106,0.246,1.073,1.772,21.933,1.000000,1638546
1,hnsw,2500,96,l2,10,1000,32,32,200,768,0.199446,0.360141,2776.690,0.360,1.419,2.163,5.423,1.000000,1638546
0,flat,5000,96,l2,10,1000,32,,,,0.000594,0.075156,13305.574,0.075,0.217,0.266,20.622,1.000000,1920045
0,hnsw,5000,96,l2,10,1000,32,32,200,64,0.827471,0.037925,26367.952,0.038,0.204,0.308,20.088,0.971700,3277250
0,hnsw,5000,96,l2,10,1000,32,32,200,128,0.944630,0.056322,17754.934,0.056,0.351,0.481,24.509,0.996100,3277250
0,hnsw,5000,96,l2,10,1000,32,32,200,256,0.595259,0.093497,10695.494,0.093,0.612,0.660,21.010,0.999200,3277250
0,hnsw,5000,96,l2,10,1000,32,32,200,384,0.805421,0.141915,7046.491,0.142,0.676,1.071,21.346,0.999900,3277250
0,hnsw,5000,96,l2,10,1000,32,32,200,512,0.623387,0.186199,5370.591,0.186,0.937,1.534,17.123,1.000000,3277250
0,hnsw,5000,96,l2,10,1000,32,32,200,640,0.675700,0.295694,3381.877,0.296,1.249,1.992,17.798,1.000000,3277250
0,hnsw,5000,96,l2,10,1000,32,32,200,768,0.656144,0.346324,2887.472,0.346,1.611,10.253,11.284,1.000000,3277250
1,flat,5000,96,l2,10,1000,32,,,,0.000629,0.059021,16943.023,0.059,0.214,0.222,0.233,1.000000,1920045
1,hnsw,5000,96,l2,10,1000,32,32,200,64,0.662736,0.038786,25782.745,0.039,0.204,0.276,16.343,0.974700,3277250
1,hnsw,5000,96,l2,10,1000,32,32,200,128,0.616647,0.074399,13440.968,0.074,0.355,0.511,9.504,0.996500,3277250
1,hnsw,5000,96,l2,10,1000,32,32,200,256,0.856593,0.093076,10743.933,0.093,0.618,0.747,23.053,0.999700,3277250
1,hnsw,5000,96,l2,10,1000,32,32,200,384,0.669021,0.159076,6286.307,0.159,0.666,1.081,20.390,1.000000,3277250
1,hnsw,5000,96,l2,10,1000,32,32,200,512,0.779524,0.190753,5242.380,0.191,1.309,1.343,5.954,1.000000,3277250
1,hnsw,5000,96,l2,10,1000,32,32,200,640,0.633002,0.289775,3450.950,0.290,1.711,1.770,1.836,1.000000,3277250
1,hnsw,5000,96,l2,10,1000,32,32,200,768,0.612826,0.331325,3018.181,0.331,1.604,2.300,22.702,1.000000,3277250
0,flat,7500,96,l2,10,1000,32,,,,0.000838,0.117771,8491.037,0.118,0.315,0.324,0.419,1.000000,2880045
0,hnsw,7500,96,l2,10,1000,32,32,200,64,1.108317,0.055723,17945.852,0.056,0.238,0.419,21.339,0.957800,4918514
0,hnsw,7500,96,l2,10,1000,32,32,200,128,1.257058,0.069110,14469.688,0.069,0.409,0.602,20.835,0.993100,4918514
0,hnsw,7500,96,l2,10,1000,32,32,200,256,1.125923,0.103549,9657.290,0.104,0.734,4.966,9.547,0.999700,4918514
0,hnsw,7500,96,l2,10,1000,32,32,200,384,0.987984,0.161648,6186.296,0.162,1.071,1.180,4.060,0.999600,4918514
0,hnsw,7500,96,l2,10,1000,32,32,200,512,1.415960,0.246660,4054.157,0.247,1.050,1.910,25.770,1.000000,4918514
0,hnsw,7500,96,l2,10,1000,32,32,200,640,1.308325,0.304332,3285.882,0.304,1.394,3.028,25.408,1.000000,4918514
0,hnsw,7500,96,l2,10,1000,32,32,200,768,1.157408,0.391659,2553.244,0.392,1.766,5.799,11.415,1.000000,4918514
1,flat,7500,96,l2,10,1000,32,,,,0.000935,0.211658,4724.595,0.212,0.319,0.338,9.093,1.000000,2880045
1,hnsw,7500,96,l2,10,1000,32,32,200,64,1.176148,0.034681,28834.579,0.035,0.234,0.432,18.414,0.956100,4918514
1,hnsw,7500,96,l2,10,1000,32,32,200,128,1.176478,0.071519,13982.257,0.072,0.411,0.555,9.384,0.992800,4918514
1,hnsw,7500,96,l2,10,1000,32,32,200,256,1.307807,0.111161,8995.959,0.111,0.519,1.054,23.398,0.998600,4918514
1,hnsw,7500,96,l2,10,1000,32,32,200,384,1.339919,0.169406,5902.987,0.169,0.779,1.310,10.018,0.999600,4918514
1,hnsw,7500,96,l2,10,1000,32,32,200,512,1.303325,0.206818,4835.168,0.207,1.075,1.565,24.984,0.999900,4918514
1,hnsw,7500,96,l2,10,1000,32,32,200,640,1.347781,0.319094,3133.878,0.319,1.388,3.385,11.006,0.999900,4918514
1,hnsw,7500,96,l2,10,1000,32,32,200,768,1.188590,0.356855,2802.260,0.357,1.775,2.784,19.111,0.999900,4918514
0,flat,10000,96,l2,10,1000,32,,,,0.001190,0.144399,6925.258,0.144,0.420,0.427,0.464,1.000000,3840045
0,hnsw,10000,96,l2,10,1000,32,32,200,64,2.333133,0.043417,23032.311,0.043,0.242,0.280,8.550,0.940900,6557858
0,hnsw,10000,96,l2,10,1000,32,32,200,128,1.821986,0.062033,16120.573,0.062,0.429,0.442,0.455,0.988200,6557858
0,hnsw,10000,96,l2,10,1000,32,32,200,256,1.380138,0.120565,8294.301,0.121,0.579,1.265,22.543,0.998800,6557858
0,hnsw,10000,96,l2,10,1000,32,32,200,384,1.725931,0.191761,5214.837,0.192,0.865,1.808,28.006,0.999800,6557858
0,hnsw,10000,96,l2,10,1000,32,32,200,512,1.870884,0.240008,4166.522,0.240,1.210,2.467,10.565,1.000000,6557858
0,hnsw,10000,96,l2,10,1000,32,32,200,640,1.864246,0.329815,3032.002,0.330,1.532,10.279,14.151,0.999900,6557858
0,hnsw,10000,96,l2,10,1000,32,32,200,768,2.264402,0.467814,2137.600,0.468,1.941,4.098,11.478,1.000000,6557858
1,flat,10000,96,l2,10,1000,32,,,,0.001253,0.216672,4615.276,0.217,0.417,0.594,21.866,1.000000,3840045
1,hnsw,10000,96,l2,10,1000,32,32,200,64,1.704805,0.041003,24388.439,0.041,0.261,0.411,20.602,0.943100,6557858
1,hnsw,10000,96,l2,10,1000,32,32,200,128,2.080651,0.077700,12870.081,0.078,0.438,0.538,16.303,0.987900,6557858
1,hnsw,10000,96,l2,10,1000,32,32,200,256,2.109269,0.121369,8239.329,0.121,0.574,8.620,18.188,0.998000,6557858
1,hnsw,10000,96,l2,10,1000,32,32,200,384,1.572407,0.174635,5726.217,0.175,0.843,1.331,20.059,0.999700,6557858
1,hnsw,10000,96,l2,10,1000,32,32,200,512,1.945723,0.229930,4349.143,0.230,1.595,1.671,1.727,1.000000,6557858
1,hnsw,10000,96,l2,10,1000,32,32,200,640,1.730074,0.309619,3229.781,0.310,1.469,2.252,20.848,1.000000,6557858
1,hnsw,10000,96,l2,10,1000,32,32,200,768,2.332761,0.385095,2596.762,0.385,1.903,3.095,11.693,0.999900,6557858
0,flat,50000,96,l2,10,1000,32,,,,0.014704,0.655935,1524.542,0.656,1.965,3.130,24.306,1.000000,19200045
0,hnsw,50000,96,l2,10,1000,32,32,200,64,20.419537,0.062665,15957.981,0.063,0.315,0.673,25.238,0.809900,32812578
0,hnsw,50000,96,l2,10,1000,32,32,200,128,11.049095,0.108574,9210.350,0.109,0.874,1.016,1.165,0.926600,32812578
0,hnsw,50000,96,l2,10,1000,32,32,200,256,25.657749,0.260216,3842.969,0.260,1.176,2.991,10.872,0.980000,32812578
0,hnsw,50000,96,l2,10,1000,32,32,200,384,24.037687,0.339211,2948.019,0.339,1.873,3.347,25.439,0.991400,32812578
0,hnsw,50000,96,l2,10,1000,32,32,200,512,22.746057,0.409133,2444.193,0.409,2.540,4.241,12.677,0.995200,32812578
0,hnsw,50000,96,l2,10,1000,32,32,200,640,21.789117,0.516766,1935.112,0.517,2.985,4.405,29.048,0.997000,32812578
0,hnsw,50000,96,l2,10,1000,32,32,200,768,23.771080,0.677786,1475.392,0.678,4.174,6.129,22.330,0.997500,32812578
1,flat,50000,96,l2,10,1000,32,,,,0.006279,0.536245,1864.821,0.536,2.136,2.703,8.510,1.000000,19200045
1,hnsw,50000,96,l2,10,1000,32,32,200,64,24.098380,0.060791,16449.894,0.061,0.376,4.714,16.161,0.803100,32812578
1,hnsw,50000,96,l2,10,1000,32,32,200,128,21.935172,0.131165,7623.991,0.131,0.702,8.640,9.837,0.921600,32812578
1,hnsw,50000,96,l2,10,1000,32,32,200,256,30.887239,0.185329,5395.808,0.185,1.103,6.289,10.379,0.976700,32812578
1,hnsw,50000,96,l2,10,1000,32,32,200,384,27.025417,0.344803,2900.210,0.345,2.153,3.275,25.404,0.990700,32812578
1,hnsw,50000,96,l2,10,1000,32,32,200,512,22.678823,0.396961,2519.141,0.397,2.378,3.997,20.423,0.994000,32812578
1,hnsw,50000,96,l2,10,1000,32,32,200,640,21.618486,0.502887,1988.518,0.503,2.895,4.681,12.917,0.996500,32812578
1,hnsw,50000,96,l2,10,1000,32,32,200,768,23.048661,0.704978,1418.483,0.705,3.983,5.565,27.311,0.997000,32812578
0,flat,100000,96,l2,10,1000,32,,,,0.029771,1.143667,874.380,1.144,5.692,6.232,22.398,1.000000,38400045
0,hnsw,100000,96,l2,10,1000,32,32,200,64,68.434778,0.079027,12653.859,0.079,0.468,1.038,21.063,0.723300,65620834
0,hnsw,100000,96,l2,10,1000,32,32,200,128,68.427093,0.149236,6700.808,0.149,0.857,6.065,19.871,0.868500,65620834
0,hnsw,100000,96,l2,10,1000,32,32,200,256,61.869237,0.257956,3876.624,0.258,1.649,2.863,22.702,0.954500,65620834
0,hnsw,100000,96,l2,10,1000,32,32,200,384,76.868598,0.458109,2182.889,0.458,2.548,3.756,25.778,0.976700,65620834
0,hnsw,100000,96,l2,10,1000,32,32,200,512,68.137215,0.574206,1741.535,0.574,4.506,5.371,13.397,0.986200,65620834
0,hnsw,100000,96,l2,10,1000,32,32,200,640,69.660426,0.691577,1445.971,0.692,4.617,6.453,14.483,0.990500,65620834
0,hnsw,100000,96,l2,10,1000,32,32,200,768,68.682072,0.937418,1066.760,0.937,5.251,6.963,16.754,0.993500,65620834
1,flat,100000,96,l2,10,1000,32,,,,0.030580,0.916660,1090.918,0.917,5.422,12.244,14.926,1.000000,38400045
1,hnsw,100000,96,l2,10,1000,32,32,200,64,65.269109,0.105578,9471.653,0.106,0.675,0.933,16.998,0.726600,65620834
1,hnsw,100000,96,l2,10,1000,32,32,200,128,66.443703,0.154309,6480.518,0.154,0.819,1.661,22.709,0.866300,65620834
1,hnsw,100000,96,l2,10,1000,32,32,200,256,70.440177,0.277613,3602.131,0.278,1.652,3.275,11.356,0.952600,65620834
1,hnsw,100000,96,l2,10,1000,32,32,200,384,44.558785,0.415982,2403.949,0.416,2.585,3.751,17.252,0.976600,65620834
1,hnsw,100000,96,l2,10,1000,32,32,200,512,60.451844,0.736294,1358.154,0.736,3.270,5.277,16.868,0.985800,65620834
1,hnsw,100000,96,l2,10,1000,32,32,200,640,71.988992,0.702037,1424.426,0.702,4.323,6.578,15.332,0.991300,65620834
1,hnsw,100000,96,l2,10,1000,32,32,200,768,47.865955,0.897884,1113.730,0.898,5.011,5.661,30.840,0.994100,65620834
0,flat,2500,128,l2,10,1000,32,,,,0.000423,0.135736,7367.258,0.136,0.147,0.155,0.197,1.000000,1280045
0,hnsw,2500,128,l2,10,1000,32,32,200,64,0.517922,0.043794,22834.128,0.044,0.180,0.191,8.257,0.984400,1958546
0,hnsw,2500,128,l2,10,1000,32,32,200,128,0.309190,0.055117,18143.322,0.055,0.293,0.309,9.053,0.998600,1958546
0,hnsw,2500,128,l2,10,1000,32,32,200,256,0.367306,0.101613,9841.288,0.102,0.516,0.529,0.613,1.000000,1958546
0,hnsw,2500,128,l2,10,1000,32,32,200,384,0.408248,0.157338,6355.761,0.157,0.792,4.937,9.721,1.000000,1958546
0,hnsw,2500,128,l2,10,1000,32,32,200,512,0.377739,0.215131,4648.323,0.215,0.817,3.210,16.538,1.000000,1958546
0,hnsw,2500,128,l2,10,1000,32,32,200,640,0.348007,0.241698,4137.392,0.242,1.109,1.937,23.340,1.000000,1958546
0,hnsw,2500,128,l2,10,1000,32,32,200,768,0.281293,0.319201,3132.827,0.319,1.465,2.118,22.043,1.000000,1958546
1,flat,2500,128,l2,10,1000,32,,,,0.000531,0.031189,32062.385,0.031,0.146,0.153,0.155,1.000000,1280045
1,hnsw,2500,128,l2,10,1000,32,32,200,64,0.291801,0.031223,32027.306,0.031,0.181,0.247,10.449,0.986600,1958546
1,hnsw,2500,128,l2,10,1000,32,32,200,128,0.320483,0.057469,17400.800,0.057,0.291,0.302,0.372,0.998100,1958546
1,hnsw,2500,128,l2,10,1000,32,32,200,256,0.396993,0.095863,10431.590,0.096,0.506,0.632,20.021,1.000000,1958546
1,hnsw,2500,128,l2,10,1000,32,32,200,384,0.294297,0.128103,7806.242,0.128,0.782,4.629,8.764,1.000000,1958546
1,hnsw,2500,128,l2,10,1000,32,32,200,512,0.271689,0.196188,5097.159,0.196,0.810,1.230,17.746,1.000000,1958546
1,hnsw,2500,128,l2,10,1000,32,32,200,640,0.297996,0.262230,3813.444,0.262,1.101,1.696,18.109,0.999900,1958546
1,hnsw,2500,128,l2,10,1000,32,32,200,768,0.401702,0.346541,2885.663,0.347,1.448,10.490,10.616,1.000000,1958546
0,flat,5000,128,l2,10,1000,32,,,,0.000725,0.115655,8646.394,0.116,0.277,0.284,0.286,1.000000,2560045
0,hnsw,5000,128,l2,10,1000,32,32,200,64,0.977735,0.042630,23457.568,0.043,0.226,0.236,0.239,0.962200,3917250
0,hnsw,5000,128,l2,10,1000,32,32,200,128,0.973409,0.083184,12021.504,0.083,0.385,0.395,0.404,0.994200,3917250
0,hnsw,5000,128,l2,10,1000,32,32,200,256,0.858510,0.106227,9413.813,0.106,0.519,0.806,20.881,0.999600,3917250
0,hnsw,5000,128,l2,10,1000,32,32,200,384,0.871002,0.142104,7037.112,0.142,0.777,1.297,17.180,0.999900,3917250
0,hnsw,5000,128,l2,10,1000,32,32,200,512,1.026237,0.234874,4257.594,0.235,1.028,1.742,10.237,1.000000,3917250
0,hnsw,5000,128,l2,10,1000,32,32,200,640,0.995432,0.294198,3399.072,0.294,1.761,1.811,1.855,1.000000,3917250
0,hnsw,5000,128,l2,10,1000,32,32,200,768,0.879188,0.354627,2819.861,0.355,2.234,2.425,2.479,1.000000,3917250
1,flat,5000,128,l2,10,1000,32,,,,0.001017,0.043156,23171.610,0.043,0.276,0.283,0.295,1.000000,2560045
1,hnsw,5000,128,l2,10,1000,32,32,200,64,0.830515,0.035894,27859.897,0.036,0.224,0.233,0.244,0.967700,3917250
1,hnsw,5000,128,l2,10,1000,32,32,200,128,0.729493,0.057047,17529.293,0.057,0.378,0.391,0.424,0.993600,3917250
1,hnsw,5000,128,l2,10,1000,32,32,200,256,0.672410,0.101247,9876.802,0.101,0.659,0.678,0.737,0.999500,3917250
1,hnsw,5000,128,l2,10,1000,32,32,200,384,0.768852,0.145669,6864.874,0.146,0.979,1.003,1.037,0.999700,3917250
1,hnsw,5000,128,l2,10,1000,32,32,200,512,0.848866,0.253039,3951.962,0.253,1.014,1.680,27.302,1.000000,3917250
1,hnsw,5000,128,l2,10,1000,32,32,200,640,0.873262,0.283559,3526.602,0.284,1.362,1.895,9.631,0.999900,3917250
1,hnsw,5000,128,l2,10,1000,32,32,200,768,0.852097,0.369095,2709.327,0.369,1.766,2.619,22.254,1.000000,3917250
0,flat,7500,128,l2,10,1000,32,,,,0.001276,0.144969,6898.027,0.145,0.412,0.438,9.031,1.000000,3840045
0,hnsw,7500,128,l2,10,1000,32,32,200,64,1.482592,0.057743,17318.238,0.058,0.267,0.406,8.973,0.942500,5878514
0,hnsw,7500,128,l2,10,1000,32,32,200,128,1.541153,0.091195,10965.529,0.091,0.443,0.621,20.133,0.987300,5878514
0,hnsw,7500,128,l2,10,1000,32,32,200,256,1.446384,0.123533,8095.001,0.124,0.567,1.066,21.586,0.998200,5878514
0,hnsw,7500,128,l2,10,1000,32,32,200,384,1.547834,0.168331,5940.684,0.168,0.825,4.045,16.630,0.999400,5878514
0,hnsw,7500,128,l2,10,1000,32,32,200,512,1.758273,0.265789,3762.376,0.266,1.201,2.686,25.085,0.999300,5878514
0,hnsw,7500,128,l2,10,1000,32,32,200,640,1.685353,0.313095,3193.919,0.313,1.703,2.189,22.881,0.999800,5878514
0,hnsw,7500,128,l2,10,1000,32,32,200,768,1.984745,0.406713,2458.738,0.407,1.927,2.977,12.787,0.999900,5878514
1,flat,7500,128,l2,10,1000,32,,,,0.001335,0.120503,8298.545,0.121,0.409,0.415,0.453,1.000000,3840045
1,hnsw,7500,128,l2,10,1000,32,32,200,64,2.025833,0.051831,19293.337,0.052,0.253,0.355,22.786,0.944100,5878514
1,hnsw,7500,128,l2,10,1000,32,32,200,128,1.275248,0.089631,11156.852,0.090,0.451,5.670,9.318,0.988700,5878514
1,hnsw,7500,128,l2,10,1000,32,32,200,256,1.315291,0.118986,8404.367,0.119,0.582,1.788,11.409,0.998000,5878514
1,hnsw,7500,128,l2,10,1000,32,32,200,384,2.138256,0.181108,5521.566,0.181,0.829,1.655,18.382,0.999100,5878514
1,hnsw,7500,128,l2,10,1000,32,32,200,512,2.057004,0.252405,3961.889,0.252,1.138,1.808,10.026,0.999500,5878514
1,hnsw,7500,128,l2,10,1000,32,32,200,640,1.629180,0.313682,3187.941,0.314,1.455,2.891,10.911,0.999800,5878514
1,hnsw,7500,128,l2,10,1000,32,32,200,768,1.738351,0.391238,2555.987,0.391,1.866,3.549,12.376,0.999800,5878514
0,flat,10000,128,l2,10,1000,32,,,,0.001561,0.254152,3934.647,0.254,0.550,4.057,9.375,1.000000,5120045
0,hnsw,10000,128,l2,10,1000,32,32,200,64,4.693348,0.077243,12946.123,0.077,0.303,0.679,10.701,0.922300,7837858
0,hnsw,10000,128,l2,10,1000,32,32,200,128,2.956375,0.078242,12780.859,0.078,0.492,0.822,16.748,0.983400,7837858
0,hnsw,10000,128,l2,10,1000,32,32,200,256,2.882831,0.151105,6617.933,0.151,0.862,1.004,9.208,0.997300,7837858
0,hnsw,10000,128,l2,10,1000,32,32,200,384,2.754331,0.187291,5339.275,0.187,0.969,1.953,23.169,0.999300,7837858
0,hnsw,10000,128,l2,10,1000,32,32,200,512,2.445279,0.261634,3822.133,0.262,1.295,3.062,11.033,0.999500,7837858
0,hnsw,10000,128,l2,10,1000,32,32,200,640,3.449458,0.414098,2414.890,0.414,1.671,2.305,10.080,0.999800,7837858
0,hnsw,10000,128,l2,10,1000,32,32,200,768,1.951741,0.463194,2158.921,0.463,2.194,4.257,12.063,0.999900,7837858
1,flat,10000,128,l2,10,1000,32,,,,0.001699,0.135661,7371.325,0.136,0.552,0.643,9.348,1.000000,5120045
1,hnsw,10000,128,l2,10,1000,32,32,200,64,3.203629,0.057345,17438.429,0.057,0.276,0.336,0.592,0.923800,7837858
1,hnsw,10000,128,l2,10,1000,32,32,200,128,3.003532,0.121042,8261.598,0.121,0.498,1.018,9.753,0.982100,7837858
1,hnsw,10000,128,l2,10,1000,32,32,200,256,2.407413,0.170731,5857.172,0.171,0.652,1.279,17.645,0.997800,7837858
1,hnsw,10000,128,l2,10,1000,32,32,200,384,2.002230,0.184446,5421.655,0.184,0.923,1.952,23.684,0.999300,7837858
1,hnsw,10000,128,l2,10,1000,32,32,200,512,3.735390,0.271256,3686.549,0.271,1.285,1.967,2.929,0.999600,7837858
1,hnsw,10000,128,l2,10,1000,32,32,200,640,2.105483,0.354790,2818.567,0.355,1.597,3.329,18.767,0.999500,7837858
1,hnsw,10000,128,l2,10,1000,32,32,200,768,2.771982,0.413940,2415.811,0.414,2.010,3.059,25.861,0.999900,7837858
0,flat,50000,128,l2,10,1000,32,,,,0.019396,0.604319,1654.755,0.604,3.106,4.176,20.362,1.000000,25600045
0,hnsw,50000,128,l2,10,1000,32,32,200,64,32.526242,0.090595,11038.104,0.091,0.534,0.652,0.699,0.765200,39212578
0,hnsw,50000,128,l2,10,1000,32,32,200,128,39.576704,0.135576,7375.922,0.136,0.914,8.115,10.217,0.892100,39212578
0,hnsw,50000,128,l2,10,1000,32,32,200,256,36.277451,0.264005,3787.812,0.264,1.707,6.273,14.012,0.960900,39212578
0,hnsw,50000,128,l2,10,1000,32,32,200,384,33.887150,0.472867,2114.761,0.473,2.577,4.202,12.648,0.982000,39212578
0,hnsw,50000,128,l2,10,1000,32,32,200,512,27.536620,0.664590,1504.686,0.665,3.128,4.332,29.824,0.990600,39212578
0,hnsw,50000,128,l2,10,1000,32,32,200,640,37.129666,0.629842,1587.700,0.630,3.824,5.837,22.830,0.994300,39212578
0,hnsw,50000,128,l2,10,1000,32,32,200,768,14.191370,0.827095,1209.051,0.827,4.645,5.109,54.429,0.995800,39212578
1,flat,50000,128,l2,10,1000,32,,,,0.008417,0.628987,1589.857,0.629,3.145,4.221,21.190,1.000000,25600045
1,hnsw,50000,128,l2,10,1000,32,32,200,64,33.548537,0.082573,12110.435,0.083,0.548,1.082,15.156,0.766600,39212578
1,hnsw,50000,128,l2,10,1000,32,32,200,128,28.036390,0.184559,5418.314,0.185,0.842,7.777,9.971,0.899300,39212578
1,hnsw,50000,128,l2,10,1000,32,32,200,256,29.453389,0.239518,4175.056,0.240,1.457,2.873,19.671,0.966600,39212578
1,hnsw,50000,128,l2,10,1000,32,32,200,384,33.297094,0.374489,2670.302,0.374,2.140,3.561,4.551,0.983500,39212578
1,hnsw,50000,128,l2,10,1000,32,32,200,512,37.779126,0.492715,2029.571,0.493,3.070,4.477,13.089,0.990900,39212578
1,hnsw,50000,128,l2,10,1000,32,32,200,640,33.079743,0.625945,1597.584,0.626,3.688,5.310,20.735,0.991500,39212578
1,hnsw,50000,128,l2,10,1000,32,32,200,768,30.923473,0.777351,1286.420,0.777,4.654,6.609,7.025,0.995500,39212578
0,flat,100000,128,l2,10,1000,32,,,,0.038655,1.261158,792.922,1.261,7.172,14.659,19.014,1.000000,51200045
0,hnsw,100000,128,l2,10,1000,32,32,200,64,83.208835,0.100891,9911.676,0.101,0.599,5.656,17.341,0.678200,78420834
0,hnsw,100000,128,l2,10,1000,32,32,200,128,78.370483,0.193192,5176.192,0.193,1.226,6.377,10.492,0.830100,78420834
0,hnsw,100000,128,l2,10,1000,32,32,200,256,76.265977,0.501489,1994.061,0.501,2.170,7.173,19.471,0.928700,78420834
0,hnsw,100000,128,l2,10,1000,32,32,200,384,96.607303,0.552458,1810.094,0.552,3.076,8.192,11.220,0.960700,78420834
